,author
0,EaPAtbp
1,flard
2,Grand_Theft_Motto
3,M59Gar
4,newtotownJAM
5,Verastahl
6,Sergeant_Darwin
7,HeadOfSpectre
8,athousandrows
9,Coney-IslandQueen
10,writechriswrite
11,TheCrystalGem
12,queen_of_the_moths
13,natesw
14,RisingMac
15,manen_lyset
16,RyanMatthews_
17,sarcasonomicon
18,KatrinCiernan
19,gretelcat
20,FirstBreath1
21,MTLStoriesPaty
22,deathbyproxy
23,TheJesseClark
24,Pippinacious
25,Grand_Theft_Motto
26,ByfelsDisciple
27,Worchester_St
28,diesindarkness
29,nmwrites
30,newtotownJAM
31,poloniumpoisoning
32,disneysecurity
33,searchandrescuewoods
34,newtotownJAM
35,nslewis
36,Dopabeane
37,samhaysom
38,TobiasWade
39,DELTA129
40,NeonTempo
41,newtotownJAM
42,lifeisstrangemetoo
43,lifeisstrangemetoo
44,how-queer
45,boredandpoor
46,Mr_Outlaw_
47,newtotownJAM
48,Dopabeane
49,InukShaken
50,nmwrites
51,nocturnalnanny
52,OQS
53,flard
54,newtotownJAM
55,newtotownJAM
56,newtotownJAM
57,Verastahl
58,InukShaken
59,barkoholic
60,lifeisstrangemetoo
61,travisliebert
62,TheJesseClark
63,Eigengraulogy
64,Jaksim
65,poloniumpoisoning
66,NeonTempo
67,Verastahl
68,flard
69,Creeping_dread
70,ByfelsDisciple
71,lifeisstrangemetoo
72,Verastahl
73,Max-Voynich
74,Dopabeane
75,Lillian_Madwhip
76,A10A10A10
77,Pippinacious
78,SimpleChocolate
79,ImJustC0nfused
80,DrunkenTree
81,EaPAtbp
82,CR_Jones
83,Mr_Outlaw_
84,spookyChorror
85,nslewis
86,daizydreamer
87,Mr_Outlaw_
88,BlairDaniels
89,Dopabeane
90,NeonTempo
91,NeonTempo
92,RichardSaxon
93,tropheez
94,theoddcatlady
95,Verastahl
96,RichardSaxon
97,peachsquid
98,v0ids
99,peculi_dar
100,samhaysom
101,Aleksandrovitch
102,Nurse_Jolene
103,HeadOfSpectre
104,ecrowe
105,EaPAtbp
106,sleepyhollow_101
107,HiggsThunder
108,theoddcatlady
109,OvenFriend
110,mesoscared
111,EaPAtbp
112,Zandsand90
113,Rha3gar
114,Worchester_St
115,Malmto
116,searchandrescuewoods
117,zachariusfrost
118,NeonTempo
119,pb1707
120,nslewis
121,The_Dalek_Emperor
122,NeonTempo
123,SamMarduk
124,theoddcatlady
125,Mr_Outlaw_
126,TheScandalist
127,DrElsewhere
128,Max-Voynich
129,DoubleDoorBastard
130,NeonTempo
131,Lillian_Madwhip
132,kmcooney
133,Red_Grin
134,Mr_Outlaw_
135,Elias_Witherow
136,spookyChorror
137,nazisharks
138,TheRedForest
139,AsDeathBeckons
140,TheColdPeople
141,Cymoril_Melnibone
142,ByfelsDisciple
143,searchandrescuewoods
144,magpie_quill
145,kapekilp
146,RehnWriter
147,ellaghent
148,Max-Voynich
149,samhaysom
150,mrmichaelsquid
151,BlairDaniels
152,poloniumpoisoning
153,theoddcatlady
154,Blue_KeyCard
155,D0nutblink
156,NeonTempo
157,BlairDaniels
158,Summerisle_Apples
159,thayeryan
160,SpookBrain
161,ByfelsDisciple
162,samhaysom
163,pb1707
164,hyperobscura
165,DELTA129
166,searchandrescuewoods
167,poloniumpoisoning
168,DepthZero
169,nslewis
170,ItsMeRoyale
171,writechriswrite
172,Dopabeane
173,travisliebert
174,Lillian_Madwhip
175,EZmisery
176,DanteAppa
177,JJX2525
178,samhaysom
179,WritingWithBlood
180,hyperobscura
181,zachariusfrost
182,EmergencyDraft
183,walpurgisnight
184,TheCrystalGem
185,samhaysom
186,Lillian_Madwhip
187,sleepyhollow_101
188,Opinionson
189,TobiasWade
190,BlairDaniels
191,poloniumpoisoning
192,firinnish
193,Opinionson
194,NeonTempo
195,nazisharks
196,BlairDaniels
197,Dopabeane
198,eclipsed_earth
199,Odd_directions
200,BlairDaniels
201,TheVaticanArchivist
202,Dr_Harper
203,Creeping_dread
204,nslewis
205,girl_from_the_crypt
206,FirstBreath1
207,EaPAtbp
208,Pippinacious
209,poloniumpoisoning
210,Worchester_St
211,ByfelsDisciple
212,Lillian_Madwhip
213,Nickbotic
214,Colourblindness
215,Worchester_St
216,Darkhawkz
217,ByfelsDisciple
218,Mr_Outlaw_
219,ByfelsDisciple
220,nslewis
221,AsDeathBeckons
222,hgtv_neighbor
223,anothercollegegirl
224,IamHowardMoxley
225,lifeisstrangemetoo
226,bteva
227,abhisek_
228,lifeisstrangemetoo
229,throwaway58i3
230,thegeneralg
231,MissCreepyStories
232,rosaline21
233,NeonTempo
234,Zandsand90
235,aliceinvunderland
236,Dariuspilgrim
237,Lillian_Madwhip
238,Dopabeane
239,imminent_47
240,somethingstraange
241,HorrorMode
242,Odd_directions
243,EZmisery
244,NuttyPeasant
245,AuthorJoJo
246,ExitiumElements
247,iia
248,035none
249,RisingMac
250,RichardSaxon
251,inaaace
252,Seabiscuit131
253,AsDeathBeckons
254,EZmisery
255,Dr_Harper
256,Uptomyknees
257,lifeisstrangemetoo
258,Red_Grin
259,M59Gar
260,Pippinacious
261,Darwin_demon
262,PocketOxford
263,otempora1
264,spookyChorror
265,travisliebert
266,thatreallyshortchick
267,Pippinacious
268,ChristianWallis
269,ByfelsDisciple
270,helpcreepylandlady
271,Lillian_Madwhip
272,CynicHappy
273,searchandrescuewoods
274,Worchester_St
275,BlairDaniels
276,nmwrites
277,lucien_321234
278,Pippinacious
279,DA_Williams
280,
281,spookyChorror
282,stickinthewoods38
283,15thought
284,crossedoffbucketlist
285,lawlifelgbt
286,DovahRS
287,sleepyhollow_101
288,RichardSaxon
289,dasrotten
290,rikndikndakn123
291,ecrowe
292,crazyguzz1
293,sharpermatt
294,CrispyChristopher
295,abldr
296,Rha3gar
297,swinglifeaway3
298,M59Gar
299,Colourblindness
300,RichardSaxon
301,theoddcatlady
302,Opinionson
303,CreepsMcPasta
304,theoddcatlady
305,S-y-m-n
306,EZmisery
307,Opinionson
308,theoddcatlady
309,DELTA129
310,thatonecityinchina
311,Pippinacious
312,Dopabeane
313,RisingMac
314,KateMonet
315,PepperAlmighty
316,masnaTellsHisStories
317,Ratrotted
318,Iskander_Khan
319,thelibrarianchick
320,Max-Voynich
321,BlairDaniels
322,ZebraWater
323,IamHowardMoxley
324,Colourblindness
325,AwashSquid
326,RichardSaxon
327,A10A10A10
328,TobiasWade
329,hesaidadverbsly
330,TheEmporersFinest
331,lil_chilty
332,EZmisery
333,Menmaro
334,Dopabeane
335,inaaace
336,EndTheMadnessPls
337,the-dead-canary
338,bggtr73
339,theoddcatlady
340,nslewis
341,fainting--goat
342,nocturnalnanny
343,TheCrystalGem
344,Odd_directions
345,Elias_Witherow
346,JuniperJune_HJH
347,brackenish1
348,lifeisstrangemetoo
349,A10A10A10
350,A10A10A10
351,M59Gar
352,xXKikitoXx
353,inkinmycoffee
354,missmia33
355,LighthouseHorror
356,pennytailsup
357,abhisek_
358,fainting--goat
359,NYSSA_ASSYN
360,travisliebert
361,missingClifford
362,spookyChorror
363,BlairDaniels
364,GasStationJack
365,Lillian_Madwhip
366,Rha3gar
367,SSA89
368,sleepyhollow_101
369,TheJesseClark
370,nslewis
371,RichardSaxon
372,tropheez
373,sleepyhollow_101
374,CynicHappy
375,hyperobscura
376,TobiasWade
377,firinnish
378,nslewis
379,TheJimmerRange
380,TheCityOfS
381,inaaace
382,v0ids
383,BlairDaniels
384,Mr_Outlaw_
385,SoMuchPeanut
386,RichardSaxon
387,haleyxalana
388,tiremanora
389,lucien_321234
390,dirtman77-8
391,hyperobscura
392,theoddcatlady
393,poloniumpoisoning
394,Dr_Harper
395,rikndikndakn123
396,ByfelsDisciple
397,ByfelsDisciple
398,thiswanderingmind
399,throwfarfarawayaz
400,searchandrescuewoods
401,tropheez
402,TheColdPeople
403,IrishCalifornian
404,samhaysom
405,lifeisstrangemetoo
406,jlkeen
407,HorrorMode
408,ByfelsDisciple
409,poloniumpoisoning
410,_pancaste_
411,RichardSaxon
412,ellaghent
413,MinisterofOwls
414,geniusiq
415,AtmosSpheric
416,jlozier891
417,Mr_Outlaw_
418,sleepyhollow_101
419,HealthyReview
420,IEscapedFromALab
421,WritingWithBlood
422,spookyChorror
423,Zandsand90
424,RichardSaxon
425,BlairDaniels
426,professionalsuccubus
427,nslewis
428,spookyChorror
429,EaPAtbp
430,M59Gar
431,ChikeDeluna
432,harrison_prince
433,Dr_Harper
434,TobiasWade
435,
436,TobiasWade
437,Phlegon_of_Tralleis
438,SeanArthurCox
439,TheScandalist
440,nevent3
441,samhaysom
442,TobiasWade
443,Dopabeane
444,theoddcatlady
445,TheVaticanArchivist
446,Argo27
447,searchandrescuewoods
448,Pippinacious
449,The_Bitch_Is_Here
450,heartbodymind
451,nslewis
452,lifeisstrangemetoo
453,BlairDaniels
454,Oddity223
455,VertetteGD
456,TobiasWade
457,lunakinesis
458,Dr_Harper
459,rikndikndakn123
460,MyOhMyPancakes
461,poloniumpoisoning
462,Dopabeane
463,Cawdor23
464,samhaysom
465,delusionalgrandeur8
466,Dr_Harper
467,RichardSaxon
468,samhaysom
469,ByfelsDisciple
470,Dopabeane
471,HarryDresdenWizard
472,Lillian_Madwhip
473,TheCleverLittleCrow
474,Lillian_Madwhip
475,BlairDaniels
476,lifeisstrangemetoo
477,MinisterofOwls
478,Lillian_Madwhip
479,RichardSaxon
480,ByfelsDisciple
481,A10A10A10
482,WritingWithBlood
483,skinna555
484,hyperobscura
485,thegeneralg
486,BlairDaniels
487,samhaysom
488,TheOnlineCat
489,mjpack
490,kylablythe1
491,demons_dance_alone
492,Opinionson
493,Yobro1001
494,Worchester_St
495,Dr_Harper
496,BunnyB03
497,LeonardJRoss_esq
498,spookyChorror
499,fiery_phoenix_20
500,ecrowe
501,spookyChorror
502,Creeping_dread
503,griffin216
504,AsDeathBeckons
505,ImJustC0nfused
506,spookyChorror
507,aapeterson
508,poloniumpoisoning
509,batouto
510,poloniumpoisoning
511,ecrowe
512,ecrowe
513,DrElsewhere
514,Colourblindness
515,035none
516,TheVaticanArchivist
517,DrStrangelove4242
518,ChaosPrimed
519,flard
520,theoddcatlady
521,manen_lyset
522,TheVaticanArchivist
523,Abductor_2017
524,DoverHawk
525,eggiestnerd
526,robots914
527,poloniumpoisoning
528,Mandahrk
529,julietechohotel
530,Sergeant_Darwin
531,MoreMoustache
532,WitchesoftheNight
533,Dr_Harper
534,manen_lyset
535,Iskander_Khan
536,WintryNymph
537,Mr_Outlaw_
538,Braidingstories
539,Rha3gar
540,EZmisery
541,tjaylea
542,JaytheThrowaway22
543,nslewis
544,
545,Max-Voynich
546,Cawdor23
547,IamHowardMoxley
548,AdelaideOfThePasture
549,TheVaticanArchivist
550,Iskander_Khan
551,AsDeathBeckons
552,IamHowardMoxley
553,EZmisery
554,hyperobscura
555,Dr_Harper
556,rikndikndakn123
557,astriis
558,RichardSaxon
559,JavierLoustaunau
560,
561,VenomousHeroine
562,Jaksim
563,hercreation
564,JRHEvilInc
565,IndolentMess
566,AsDeathBeckons
567,10gentlemen
568,Rha3gar
569,poloniumpoisoning
570,arned6
571,TheVaticanArchivist
572,poloniumpoisoning
573,Funandgeeky
574,ByfelsDisciple
575,hartijay
576,Verastahl
577,flard
578,darkinferno07
579,leonhael
580,Pippinacious
581,oneirical
582,nslewis
583,rikndikndakn123
584,JPscrawlings
585,theoddcatlady
586,Cymoril_Melnibone
587,Creeping_dread
588,
589,Dopabeane
590,Nickbotic
591,schaeffernelson
592,Odd_directions
593,Dangerdude40
594,ByfelsDisciple
595,ByfelsDisciple
596,MinisterofOwls
597,EZmisery
598,not_neccesarily
599,hercreation
600,ByfelsDisciple
601,rikndikndakn123
602,janiebegood
603,Zandsand90
604,Andrunes
605,
606,lifeisstrangemetoo
607,BlairDaniels
608,Dr_Harper
609,lifeisstrangemetoo
610,batouto
611,andrewmjsmith
612,Colourblindness
613,
614,YungSeti
615,
616,7deadlycinderella
617,rikndikndakn123
618,Dopabeane
619,xLightfyre
620,ColdCoffee1775
621,RichardSaxon
622,Lillian_Madwhip
623,Pippinacious
624,WicksQuick20
625,CzarCarcosa
626,JohnQK
627,alec2004
628,A10A10A10
629,ellaghent
630,Pippinacious
631,GasStationJack
632,PaulCampbell7
633,Langster_Gangster
634,fairynextdoor
635,girl_from_the_crypt
636,owlcavedev
637,Dopabeane
638,samhaysom
639,davevr
640,iia
641,Sergeant_Darwin
642,S-y-m-n
643,ByfelsDisciple
644,LeoDuhVinci
645,Creeping_dread
646,flard
647,LilyBrutal
648,EaPAtbp
649,RightNomWriteNow
650,Barkles52
651,Clarkinator69
652,Skarjo
653,demons_dance_alone
654,theoddcatlady
655,searchandrescuewoods
656,Cawdor23
657,iloveallthebacon
658,Max-Voynich
659,Elias_Witherow
660,caayns
661,likeeyedid
662,ByfelsDisciple
663,035none
664,batouto
665,ByfelsDisciple
666,vadebeboo
667,ByfelsDisciple
668,TheJesseClark
669,Rha3gar
670,samhaysom
671,Pippinacious
672,vital_dual
673,exwindchaser
674,Colourblindness
675,spookyChorror
676,lifeisstrangemetoo
677,Jaksim
678,theoddcatlady
679,Cymoril_Melnibone
680,GorillaOfUndeath
681,arcticspider
682,nslewis
683,BlairDaniels
684,
685,NylakOtter
686,Creeping_dread
687,JRHEvilInc
688,EZmisery
689,LeoDuhVinci
690,Colourblindness
691,LighthouseHorror
692,Mr_Outlaw_
693,SchoolsIn4ever
694,samhaysom
695,PyroGirl8
696,AHarmonRights
697,kmcooney
698,DoubleDoorBastard
699,mofucious
700,035none
701,RichardSaxon
702,BlairDaniels
703,Iskander_Khan
704,darthvarda
705,theoddcatlady
706,Mr_Outlaw_
707,flard
708,samhaysom
709,lifeisstrangemetoo
710,rikndikndakn123
711,eclipsed_earth
712,Stone_Eyes
713,Missy_Erin
714,concupiscentBunny
715,vital_dual
716,DustyBronco
717,
718,Colourblindness
719,vanishing_darkweb
720,LawstonSpace
721,MarinaMonster
722,ByfelsDisciple
723,Cymoril_Melnibone
724,Pippinacious
725,Rhamni
726,berryletter_23
727,drunktillTuesday
728,_MothMan
729,Colourblindness
730,nslewis
731,mrmichaelsquid
732,Sightblind
733,Yuebeo
734,Zandsand90
735,Dopabeane
736,MrsMousetronaut
737,Mr_Outlaw_
738,literallyarkansas
739,flard
740,TobiasWade
741,DELTA129
742,hyperobscura
743,joshuaandrew1985
744,Trilliann2345
745,cmd102
746,iia
747,Colourblindness
748,iia
749,RookieRobot
750,BlairDaniels
751,Eigengraulogy
752,ITherapizeYou
753,Creeping_dread
754,chrisbird93
755,mofucious
756,poloniumpoisoning
757,manen_lyset
758,FirstBreath1
759,Cawdor23
760,granthinton
761,Lillian_Madwhip
762,girl_from_the_crypt
763,Mr_Outlaw_
764,girl_from_the_crypt
765,Mr_Outlaw_
766,ByfelsDisciple
767,nslewis
768,samhaysom
769,crazyguzz1
770,cartrain4444
771,OvenFriend
772,jazreelc
773,Naito-desu
774,hercreation
775,helpcreepylandlady
776,SpookBrain
777,M59Gar
778,girl_from_the_crypt
779,sleepyhollow_101
780,nslewis
781,flard
782,lifeisstrangemetoo
783,BlairDaniels
784,nslewis
785,Barkles52
786,Cymoril_Melnibone
787,Dr_Harper
788,Zithero
789,mjpack
790,samhaysom
791,M59Gar
792,airshrimp777
793,spookyChorror
794,Pippinacious
795,the-third-person
796,lifeisstrangemetoo
797,Max-Voynich
798,DoubleDoorBastard
799,ByfelsDisciple
800,BackwoodsClub
801,TheBigSp00k
802,mrmichaelsquid
803,StrangeAccounts
804,Cawdor23
805,Zandsand90
806,Companion_Prose
807,ByfelsDisciple
808,Ipatusaur
809,CasperMcSadden
810,bluemulgyeol
811,BlairDaniels
812,rishukingler11
813,Pippinacious
814,helpcreepylandlady
815,FirstBreath1
816,lifeisstrangemetoo
817,6ftbelow
818,girl_from_the_crypt
819,girl_from_the_crypt
820,alyssagalloo
821,SalamiMommie
822,Colourblindness
823,
824,woodsatnight
825,Econometrican
826,darthvarda
827,Mr_Outlaw_
828,Prince_Laqroix
829,SunshineLookAlive
830,Nickbotic
831,Panley01
832,AHoomanBeanz
833,AllDreamNoDrive
834,RichardSaxon
835,Dopabeane
836,spookyChorror
837,AuthorJoJo
838,poloniumpoisoning
839,sleepyhollow_101
840,The_Dalek_Emperor
841,AsDeathBeckons
842,Skarjo
843,
844,girl_from_the_crypt
845,A10A10A10
846,Dopabeane
847,ImJustC0nfused
848,girl_from_the_crypt
849,kateshakes
850,Ritsler
851,girl_from_the_crypt
852,CMMuse
853,TobiasWade
854,girl_from_the_crypt
855,Tom-Brookes
856,thirtysixCF
857,Jaksim
858,RisingMac
859,Colourblindness
860,Lillian_Madwhip
861,squirrelnextdoor
862,BlairDaniels
863,hartijay
864,Colourblindness
865,girl_from_the_crypt
866,nslewis
867,thatonecityinchina
868,hercreation
869,plsdontturnaround
870,TheVaticanArchivist
871,Grand_Theft_Motto
872,firetruck42069
873,BlairDaniels
874,ChristianWallis
875,Capon-breath
876,Jacob712
877,Barkles52
878,MahoganyFiend
879,QuackNate
880,kittythewildcat
881,RichardSaxon
882,flard
883,Red_Grin
884,sleepyhollow_101
885,hercreation
886,magpie_quill
887,TheJesseClark
888,inaaace
889,spookyChorror
890,somenurse193433
891,rotsoil
892,AnAverageDevin
893,travisliebert
894,Mr_Outlaw_
895,CreepsMcPasta
896,LeonardJRoss_esq
897,nohopenosleep
898,ChikeDeluna
899,SilasCrane
900,Barkles52
901,Verastahl
902,Menmaro
903,thethingthatwaits
904,Barkles52
905,girl_from_the_crypt
906,Mr_Outlaw_
907,hesaidadverbsly
908,Mr_Outlaw_
909,Babybubbles97
910,simeberg
911,TobiasWade
912,zgarbas
913,girl_from_the_crypt
914,Dr_Harper
915,ZacharyWurtherd
916,
917,ByfelsDisciple
918,darthvarda
919,Verastahl
920,EZmisery
921,skinna555
922,Michele_Writes
923,girl_from_the_crypt
924,Static89
925,rotsoil
926,Dopabeane
927,flard
928,Nickbotic
929,Colourblindness
930,mloikn12
931,manen_lyset
932,BlairDaniels
933,ghostsnack
934,EdgarAllanLoe
935,TheScandalist
936,kapekilp
937,Ghost_Hit
938,SamMarduk
939,googlyeyes93
940,Colourblindness
941,ByfelsDisciple
942,notyourcure
943,stange_loops
944,NikkiLaudaa
945,Pippinacious
946,hercreation
947,Xoon77
948,TheVaticanArchivist
949,JRHEvilInc
950,Pippinacious
951,The_Paranormologist
952,
953,samhaysom
954,hercreation
955,D0nutblink
956,NeverLamb
957,Cymoril_Melnibone
958,Nurse_Jolene
959,
960,bencbartlett
961,mofucious
962,Lord_Bronte
963,Mr_Outlaw_
964,lifeisstrangemetoo
965,Frost_Junior
966,grey_lavender
967,CryForum
968,bluecollaredboy
969,girl_from_the_crypt
970,darthvarda
971,EaPAtbp
972,Scared_Sleepless_
973,Cymoril_Melnibone
974,VoidedConscience
975,spookyChorror
976,TobiasWade
977,demons_dance_alone
978,nomisu
979,EZmisery
980,wendingus2
981,DoubleDoorBastard
982,girl_from_the_crypt
983,Dariuspilgrim
984,ecrowe
985,AsDeathBeckons
986,Tarpup
987,unpatriotic
988,Zandsand90
989,PizzND
990,SSA89
991,Mr_Outlaw_
992,adam_will_live
993,TobiasWade
994,girl_from_the_crypt
995,mmkr2
996,manen_lyset
997,The_Dalek_Emperor
998,ByfelsDisciple
