,title
0,Demonic Pacts
1,Demonic Pacts [Part 2]
2,Demonic Pacts (Part 5)
3,Demonic Pacts [Part 3]
4,Demonic Pacts (Part 4)
5,Demonic Pacts (Part 7)
6,Demonic Pacts (Epilogue)
7,Demonic Pacts (Part 9)
8,Demonic Pacts (Part 6)
9,Demonic Pacts (Part 8)
10,"Tales of Marlow, Pennsylvania"
11,The Summoning
12,Finding Vanessa [Part nine]: The End
13,Finding Vanessa [Part seven]
14,Finding Vanessa [Part three]
15,Finding Vanessa (Part four)
16,Lungflower
17,Forget Me Not
18,Finding Vanessa [Part eight]
19,Cathy's New Feet
20,Finding Vanessa [Part five]
21,Finding Vanessa [Part six]
22,Finding Vanessa [Part two]
23,Moonrise at the Diner
24,A Visitors Guide to Tate National Park
25,Finding Vanessa [Part One]
26,Catfishing
27,Investigation File #2 The Grinning Onryō
28,Evil Stepmother
29,Ten Things Found on the Body of Ursula Roman
30,Finding Vanessa: The Carnival
31,Finding Vanessa: A Friend of a Friend
32,Rubber Ducky
33,Brokendown Road
34,Finding Vanessa: Tomorrow's Hope
35,Finding Vanessa: The Backroads
36,Injecting Religion
37,Finding Vanessa: Sad Clown
38,Forget Me Not II
39,Nine Brief Scenes From the End of the World
40,Finding Vanessa: The Blood Swine
41,Black Mold
42,Human Suit
43,The Florist
44,Becoming
45,Brown Sack
46,Investigation File #1 The Christopher Gray Effect [Epistolary Contest]
47,Forget Me Not
48,Annie
49,I Drive Escorts Across the East Coast.
50,Almost Iron Man [1000]
51,Venus de Vipère
52,Natural Charisma
53,Mr Black.
54,Catherine's New Feet
55,Dream Girl
56,What I Lost in the Pond
57,Text log 
58,The Disease
59,Doll House
60,The Trunk
61,Honey and Vinegar
62,The Loneliest Psychic In The World
63,Polybius
64,The Truth of Man
65,They Went Quietly Into The Night
66,The Hymn of Hard Luck
67,My Artificial Heart
68,My Beautiful Roses
69,The Martian Paradox
70,The Guardian Angel
71,Don’t Fuck With “The Widow”
72,The Town that Banned Halloween
73,My best friend
74,The Burnt Revenant
75,Cecaelia
76,Inoculation Against Extinction
77,Why Can't You See Them?
78,"Congratulations, /r/libraryofshadows! You are Subreddit of the Day!"
79,Mommy Dearest
80,The Box
81,By Color We Breathe
82,What Would You Do For A Klondike Bar?
83,Pig's blood.
84,The Power in a Name
85,Bennington Snodgrass Goes Courting
86,Hard Weather
87,The Screaming Corpse. 
88,Molly
89,Griff Rock
90,Baby Daddy Drama
91,Skin & Bones
92,You Deserve Your Cage
93,Buried Deep
94,The Room of Change
95,The Final Killing
96,A Tale of a Lonely Knight
97,Push the Button
98,Gramma's Teeth
99,The Last Answering Machine on Earth
100,Amy
101,Carnivals Were Different In 1934
102,True Desire
103,One of a Kind
104,The Martian Paradox (Part One)
105,Good Guy Trenton
106,Captive of the Tall Man
107,A confession:
108,The Lunch Lady
109,The Abandoned Town
110,Pixie Nest
111,Erlkönig
112,The VHS Tape
113,How We Learned to Live with the Lights in the Sky
114,The Amazon Of Dating Apps
115,When Psychics And Writers Collide
116,Test Chamber C-2
117,Changelings
118,Tavern Stories
119,A New Kind Of Virus
120,Ana's Nightmares
121,The Black Rose House
122,The Nope Game.
123,Greta
124,Rafter Dancers
125,About A Girl
126,"Winter, 1927. Yukon."
127,The People Next Door
128,Alice
129,A Better Prison
130,The Last Words of Little Children
131,The Hyena & The Horse
132,Unfaithful
133,Unconditional Love
134,The Antler Queen
135,Low Hanging Clouds
136,She Danced Amongst The Trees
137,Parasite
138,Death Of The Dollar Theater
139,Stranger Danger
140,Long Live the Clockwork King
141,Beasts of a Drowned World
142,[Epistolary Contest] The Name of a Good Plumber
143,Locked Chambers [1000]
144,The Girl Guide
145,Dave Died in Space
146,Grandma's Light is Always On
147,Sleep EZ Motor Lodge
148,The Curtis' Dragon
149,Frailty
150,Scared Stiff
151,They Think I'm Troubled
152,Out of Time
153,The Virus
154,The Florida School for Boys (Part One)
155,Into The Abyss
156,Long Night at the Nursing Home
157,Ada and the Black Unicorn
158,Feathers and Friends; Lock the Doors
159,Lack of Love [1000]
160,The Monster In The Shed
161,The Bus Driver
162,Memento Mori
163,The Road To Nowhere
164,The Crimson Cellar
165,Scavengers
166,The Town Without Time
167,The Hole
168,Grandma's Penpal
169,Doctor Callahan's Pageant of Exceptional Children
170,Some Things Are Better Left Unsaid
171,We Were Superheroes (Finale)
172,Sink Or Swim
173,It's Already Too Late
174,God Is In The Details
175,Panic Room
176,(I)mposter (S)yndrome
177,The Asylum
178,Introducing: The Liberry of Shadows
179,"For Emma, Forever Ago [Death Contest]"
180,The Price I Paid
181,The Thief and The Moon
182,Last Online
183,Family Reunion
184,Picking Up Hitchhikers Is Always A Gamble
185,The First Murder on Mars
186,Dusty
187,Alice Drinks the Peyote Tea
188,What They Deserve
189,CHATLOGARCHIVE (06.05.08)
190,The Lonesome Inheritor [1000]
191,The Graveyard Shift
192,Tormented
193,Hunger
194,Rory's Buddy
195,Forget Me Not
196,The Funniest Joke in the World
197,The Creep
198,Mister Pleasant's House for Broken Children
199,The Cannibal's Wife (Chapter 1: Nightmare)
200,The Diluvian Tragedy
201,As The Tall Grass Sways [1000]
202,The Perfect Couple
203,Baskin Robbins (Part 1)
204,Exterminating The Evil
205,Kill Me If You Can
206,Red
207,"Better, Faster, Stronger, CRISPR"
208,Already Gone
209,The Five Bodies
210,The King and The Mule
211,The Spider Bite
212,File #64321
213,"Yea, Though I Walk Through The Valley of the Shadow of Death"
214,Mommy Loves Me
215,My twin sister Hannah is dead.
216,The Meaning of Memories
217,Calamity Jane [debt]
218,Not Enough to Spare
219,Oceanic Absurdity: An Account of Nautical Horror
220,Bought and Paid For
221,Stump Water
222,A Gift For Santa
223,I Don't Go to Bonfires
224,A Door in the Sun
225,Six Months In A Hell House
226,The Interview with Subject 13
227,Exploring the Transformative Effects of Full Moonlight on The Aliens of Earth
228,Have You Seen This Dog? [Classified Contest]
229,A 2017 Horoscope for The Deceased
230,Prison Is Hell
231,1-900-HAUNTED
232,The Ghosts of the Great Salt Flats [Folklore Contest]
233,"First, it was the dress."
234,Daddy Found A New Family
235,P.T.S.D
236,Baskin Robbins (Part 2)
237,Cold as Ice
238,The Basement
239,The Retreat
240,After the End of the World
241,Daddy's Girl
242,Playground of Lost Children
243,The Library is Hungry
244,The G-Word
245,So You Want a Demon as a Pet?
246,Frost I
247,The Man That Ate Newborns
248,Hallowed Ground
249,Always in Trouble for Something
250,The Marker of Death
251,The Amazing Mr Majestic
252,Widow Burning Still Happens
253,Black Valley
254,For Agnes
255,Highway 69
256,Monsters
257,The Lone Watchman
258,The Demon of Holy Innocence
259,The Woman In The Blue Coat
260,The Secret of Mariana Gulch
261,Brick
262,The Case of Daniel Hardings (Part 1)
263,The Annual Bonfire Market
264,The Perfect One
265,Room To Spare
266,Demonic Verses from Lana Del Rey
267,"A Doll Called ""Burt Bumblefoot"""
268,"Congratulations, /r/libraryofshadows!  You're the Subreddit of the Day for March 6th, 2012!"
269,The Lord of Black Carol
270,Beatrix's
271,This Crazy World
272,China's Little Helpers
273,The Tausk Papers
274,Moonrise at the Diner: Rick's Story
275,A Cold Night In October
276,Homo Ferox
277,The Last Lesson
278,Unconventional Warfare.
279,The Disappearance of Mia Dahl
280,The Barn
281,The Charlatan
282,The Secret within the Mansion
283,The Curse
284,Six Months In A Hell House (Part 2)
285,File #50198
286,Dr. Prospero's Old-Fashioned Cure for Depression
287,Triptych
288,A Conversation with Death
289,A Debt to the Dead
290,Sheila! I can explain! [DEBT]
291,Jarret’s Dirge
292,The Untended World
293,Citric Acid [1000]
294,Mommy's Back Part 1
295,Camp Goodwill
296,Moonrise at the Diner: The Coterie
297,The Knacker [Complete]
298,The Florida School for Boys (Final)
299,The Florida School for Boys (Part Six)
300,The Florida School For Boys (Part Five)
301,The Case of Daniel Hardings (Finale)
302,The Thing in the Alps
303,Life Eternal
304,A Message from the Moderators
305,The Remote
306,The Story Behind the Deepest Hole on Earth
307,Ambrosial Fruits of Vegetable Gold
308,The Notesman
309,Identical Twins
310,Bad Kids: a Campfire Story
311,"2,300 a Day"
312,Grow Up
313,The Last Gym
314,We Were Superheroes (Part 1)
315,Out of the Pines
316,My Love Is Everlasting
317,The 188-minute Man
318,Treat
319,The Mother Of All Halloweens
320,Ant Farm (PART ONE)
321,The Case of Daniel Hardings (Part 2)
322,The Cabin
323,Ceremony
324,The Friend in the Wardrobe
325,I Can Swim
326,The Fourth Pyramid of Giza
327,The Juniper Tree
328,The Money of the Dead
329,The Dark Mansion
330,Mother Willow
331,The Noose Hanging in my Living Room [Death Contest]
332,A Midnight Drive
333,The Price of Living
334,Looking for Hunting Partners for Trip [Classified Contest]
335,I Was A Professional Internet Troll
336,The Monarch Café
337,Graveyard Lottery
338,"When I was a kid, my older brother was abducted. I think I just found out where he has been all these years. (X-Post from NoSleep)"
339,Dark Planet
340,"I've started a subreddit which tells a story of horror, conspiracy and survival in a post-apocalyptic world, and you're invited to help make it better"
341,Close Your Eyes
342,The Imaginary Friend [1000]
343,20/20
344,People Go Missing All The Time
345,Killing My Childhood Monster
346,Day Drink Till Darkness
347,Steve
348,Old Glass
349,Road Killer
350,The Note
351,The Flotsam of Port McGregor
352,The Body in the River
353,The Daemon Lover
354,The Beast In The Darkness
355,As Her Air Ran Out
356,Transcript Of Presidential State of The Union Address 2034
357,Phlegm
358,Lover's Knot
359,"""Talent Show"""
360,The Siren
361,Cedric's Buffet (Part Two)
362,"The Works of Dr. Rasmussen & Company [Part One] -- ""Kaput"""
363,Rocks Through the Windows
364,Memorial Avenue
365,EatYourHeartOut
366,The Dryad of the Woods [Chapter 1]
367,Carnivore
368,The Babysitter
369,Not Who We Seem
370,Essence of Creation
371,The Florida School for Boys (Part Four)
372,Foment
373,The Morning After
374,The Haunting of Otto Hirsch
375,The Crow Man
376,Jaxton
377,Injection Day
378,The 'Hug Me' Virus
379,Night Terror
380,We Were Superheroes (Part 3)
381,The Lurker on the Stairway
382,Randomize Your Fun [1000]
383,A Day In My Shoes
384,Thalassophobia
385,Pause [Part One]
386,Too Few Rules
387,Blaire's Last Letter
388,Sick
389,Nine Mews
390,From Whence they Came
391,The Roast of Harold Shatner
392,Knocks At The Door
393,Adust
394,17 Minutes: The Message (Chapter 1)
395,Cat Fights
396,Fairies
397,Siren in the Woods
398,A Call for Bitter Coffee
399,Almost Your Time
400,Wendigo [1/2]
401,Growth
402,The Infinite Loop
403,"Brian & Andy...short sci-fi story where two identical 12-year-old boys wake in a fallout shelter, both believing the other to be their copy"
404,The Cat of Bel-Ak-Shey
405,Cedric's Buffet (Part Three)
406,LOST DOG (FINAL)
407,Down and Outs
408,I Went To A Weird Pumpkin Patch
409,Open the Floodgates
410,A Hallway of Light and Shackles
411,Welcome to Scarlet City
412,Dark Woods
413,How to Survive Crossing the Mountains
414,The Man In Between The Walls
415,There's Something in the Porcupine Mountains
416,Unseen
417,The Rat Epidemic
418,Blush
419,Don't Leave Me Alone
420,Almond Joy
421,Video Transcription Dump
422,Twin Stranger
423,Good Boy
424,Black Hat
425,File - HAARP
426,Wishes
427,Welcome to the Mortalitas Museum of Art
428,Artificial intelligence
429,"Right Place, Right Time"
430,Tubes
431,Chocoholic
432,The Old Woman of the Wood: A Folk Tale
433,Climbing Heaven and Gazing on the Earth [Epistolary Contest]
434,Don't Touch That Dial
435,Stiff
436,nosleep
437,Prey
438,Did they ever tell you how they met?
439,Grandma is a Witch
440,Stop When the Red Lights Flash
441,"The Last Full Service Gas Station In Parrott, Georgia"
442,Christopher's Wish
443,Trapped Out
444,Ant Farm - [Part 1 of 2]
445,Whispers and Dancing Shadows
446,The Last Shot
447,The Dryad of the Woods [Chapter 2]
448,End Times : Part One
449,Library of Shadows and The Backrooms Collaboration Contest!
450,Jebediah's Fōn
451,Shadow Of A Woman
452,Mad's Mad
453,A Puddle of Starlight
454,All Give Some ; Some Give All
455,The Florida School for Boys (Part Three)
456,The Viles [Part 3]
457,Disremembrance
458,The Being
459,Marionette
460,Sleep Inertia
461,Speak of the Devil
462,Dreameaters
463,Whose Line is it Anyway?
464,In the Margins
465,A Very Special Type of Diet
466,Killing a Vampire
467,In a Well of Sorrow and Monsters
468,Tears in the Eye of a Gorgon
469,Black Roses Are Born From My Sorrow
470,Laughterhouse
471,(FREE) 4 YR old male black lab in need of LOVING HOME!! Supplies included [Classified Contest]
472,Smile for the Camera
473,I am a Reaper
474,Library Of Shadows Announcements!
475,The house with painted doors (/nosleep x-post)
476,Red Strings (x-posted from /nosleep)
477,Wendigo [2/2]
478,"99 Brief Scenes From the End of the World will be FREE on Kindle starting at midnight, July 27th-28th "
479,Archive File F-2123B
480,Eater of Apples
481,The Place of Fear
482,IMPORTANT ANNOUNCEMENT! February Contest.
483,End Times Final Chapter
484,The Obsidian Deluge [Part 2]
485,The Obsidian Deluge [Part 1]
486,Windchimes
487,An Early Christmas Present
488,The Tree's Keeper
489,The Game
490,Watch for the Lights
491,Selfsame Son
492,Cedric's Buffet: Part One
493,The Dive
494,The Face in the Window
495,The Prairie [Pure Horror]
496,Righteous Judgement - Part 6
497,Righteous Judgement - Part 4
498,Anitharith
499,The Breathalyzer Test.
500,And I’m Joy Spielberg
501,Sun-Kissed
502,A Quick and Easy Guide to Dining at Home
503,Rage
504,Star of Hope
505,My Best Friend Was Murdered
506,The Room
507,Lizzy
508,Designated Driver
509,"Solemn Creek, Chapter Thirteen: The Creek By Night"
510,Where the Bad Kids Go (Part 3)
511,Subterranea
512,Library Lore Challenge
513,Atonement for Water
514,Vantablack
515,Meal Management
516,The Good Doctor
517,Whispers in the Catacombs [Music Challenge]
518,"Exit Party, part 1"
519,Suicide is fun
520,The Cruelest Mercy
521,The One Thing I'm Better At
522,Emissary of Crows
523,O Little Ruins of Bethlehem [Twisted Carol]
524,"""Mom, Dad... I'm adopted."""
525,Bedtime Stories
526,The Haul [x-post from r/nosleep]
527,"Eudora: ""The Gobbler"" (Part 1)"
528,Hide and Seek
529,Carter Slade: Monster Hunter (Episode 2)
530,"The Works of Dr. Rasmussen & Company [Part Two] -- ""Capture"""
531,Phantom
532,The Puppet Boy
533,Mommy's Back Part 2
534,Raventown (3/5)
535,Sleepy Campus
536,The Lonely Road
537,Christopher's Wish
538,Contracts
539,Iroichi: A Samurai Ghost Story
540,Let's Make A Deal
541,The Florida School for Boys (Part Two)
542,Righteous Judgement - Part 2
543,The Midnight Drummer
544,Floor Zero
545,The Last Supper
546,Ⴑ
547,The Box
548,Unicoi
549,Hooker
550,Heartseeker
551,Granny Heckel's Teeth
552,Six Months In A Hell House (Part 3)
553,Video Transcription Dump Pt. 2
554,Be Careful With Rural Exploration
555,The Leviathan and the Crane
556,"Solemn Creek, Chapter Eight: The Wolf-Man Murders"
557,'The Cat in the Window'
558,File #57743
559,Have You Seen Aaron Bohl
560,Long Term Care
561,Lights
562,5 Minutes [Death Contest]
563,An Extraction of My Muse
564,"Exit Party, part 2"
565,The Quiet Noise
566,I Wonder About The Trees.....
567,Changeling
568,Ten Seconds
569,Robots Need Less Than Three [Noir Contest]
570,Hoodening [Folklore Contest]
571,[Epistolary Contest] Earthquake
572,Wilson's Missing
573,I went camping a number of years ago and recently found the film from my trip. I had no clue...
574,I'm fucked. (x-post from r/DarkTales)
575,I Regret Ever Working In The South Pole (x-post r/nosleep)
576,Frost IV
577,Strigoi 
578,God (crosspost from Nosleep)
579,The Eyes of Annihilation
580,Magic and Monsters [PART 1]
581,A Symphony of Cell Phones. [1000]
582,"To Emilia, with Love and Worry [1000]"
583,Transposition
584,Rimcrest
585,That's Not Her.
586,The Cabin
587,The Dryad of the Woods [Final Chapter]
588,The Devil's Road
589,The Dryad of the Woods [Chapter 5]
590,The Dryad of the Woods [Chapter 3]
591,Halloween Decorations
592,Passing Notes
593,Righteous Judgement - Part 5
594,Righteous Judgment - Part 1
595,The Viles [Part 1]
596,We are looking for new moderators
597,17 Minutes (Chapter 2): The Investigator
598,Whispher of the Willow
599,Lost Dog
600,Closure
601,The Wind Turbines
602,In the Dead of Winter
603,Bee Infestation
604,Tick Tock Goes The Clock
605,Pit I
606,"The White Moth, Its Majesty of Agony"
607,Ice Fishing with My Father
608,"Run, Piggy"
609,The Man At The Window
610,Where the Bad Kids Go (Part 1)
611,Last Room of the Cave
612,Ghosts
613,The Gourmet/ Le Gourmet
614,My Great Uncle's Hidden Secret
615,Please Don't Say You'll Send Me Away
616,Show and Tell
617,Arirang
618,The Newly Turned
619,Grandma's World-Famous Peppermint Bark
620,I Will Repay
621,To whom it may concern
622,The Oddkids
623,"What defines a monster? (condensed opening, apologies)"
624,The Mountain and The City
625,The Danger and Cruelty of Hope (x-post /r/NoSleep)
626,The Man Who Hated Mirrors
627,The Nosleep Podcast highlights the Library of Shadows
628,Archive File F-3094C
629,Uncle Hank 
630,Raventown Part Two
631,Chatterbox
632,In the Name of the Father
633,LOST DOG (Part 3)
634,The Dryad of the Woods [Chapter 4]
635,End Times: Part Two
636,Our Sister Planet(I)
637,Cedric's Buffet: Part Two
638,Righteous Judgment - Final Part
639,Righteous Judgment - Part 7
640,Monster
641,A Busy Day For Mr. Ghost
642,One Of Us Is The Werewolf
643,The Woman in the White Dress
644,The Charlatan
645,Lost Dogs
646,Our Friend Ashley
647,Death Follows
648,"Who Are You, and What Are You Doing Here?"
649,The Heart of Dickie Valente
650,Channel 5 Had A Rough Night
651,Padded -- Post 2
652,Padded
653,The Glasses
654,"Solemn Creek, Chapter Nineteen: Dear Hope (final)"
655,The Melbourne Ritual
656,Where the Bad Kids Go (Part 4)
657,No Good Deed
658,The Door at the End of the Hall
659,A God of Ink and Agony
660,The Temple In The Grotto
661,The Wicker House
662,Screams From Valhalla
663,My Sister Took My Beauty
664,Missed Connection
665,House
666,What Happens to Thieves
667,Murder Most Foul
668,Shanks
669,Please God No [Twisted Carol]
670,I Can Only Tell Jokes Now
671,A WHISPER FROM THE WOODS
672,PSA: Please Be Careful With Lost Children
673,Lila's First Session
674,The Client: Chapter I - Lester Crowe
675,Mindy
676,Persistence of Vision
677,Pick Up Artist
678,What Defines a Monster? (Horns)
679,Black Rain
680,Playful Giants
681,Cheyenne to Portland
682,Daniel the Adventurer
683,Have a Kindle?  99 Brief Scenes From the End of the World will be available as a FREE download tomorrow (June 18th)
684,Archive File F-0021D
685,Pilgrims
686,FIRST HUNT
687,Archive File F-7732B
688,Archive File F-3535A
689,Blood Brothers.
690,Cedric's Buffet (Part One)
691,Ant Farm [Part 2]
692,The Truth Behind Hipster Potato
693,The Demon of the Dock
694,The Sexy SnapChat Stranger
695,Farmhouse Of Fear
696,Technicolor Highway
697,Lost Dog (PART 1)
698,2069 {A Series} *Part 3*
699,Heartless
700,The Dryad of the Woods [Chapter 6]
701,A Halloween Split
702,Rotten Luck
703,Yellow Fog
704,The Girl on the White Horse
705,Lost Act of Othello
706,The Genesis of Catastrophe (Part I)
707,The Viles [Part 2]
708,The Girl on the Tram
709,Candlelight Dinner
710,Enlightenment
711,The Tragedy of Baron Von Haugwitz
712,Crawlies
713,The Demon That Follows
714,Obelisk of Torment
715,The Sewer Problem
716,Lott's Glen: Part 1
717,The Protector
718,New Rules/New Moderators
719,Jerry’s Story
720,The Blood in the Walls
721,The Shroud of Meo Samba
722,The Beast of Leda Point
723,"Solemn Creek, Chapter Seven: The Hughes Family at Dinner"
724,"Solemn Creek, Chapter Five: Secrets and Threats"
725,Where the Bad Kids Go (Part 2)
726,Dark Blue Christmas
727,File - Project Carrier Pigeon
728,Halloween Contest Winner!
729,Meta-Devil: A Kaiju's Tale
730,"Cold Hands, Warm Heart"
731,The Scream Eater
732,Adrift on a Darkened Sea
733,The Skeleton Kids
734,Food for the Gun
735,Photographs
736,The Blanket
737,Library of Shadows Monthly!
738,The Lady in the Tree
739,Death versus Doctor Singh [Death Contest]
740,Instructions for My Successor [Music Challenge]
741,The Piper King
742,Bad Medicine
743,"Lake 24, Washington"
744,Shanks (Part 2)
745,Distilled Spirits
746,The Broken Father
747,Saint Cædwalla's Society
748,Midnight Lover
749,Battle Cat vs. The Pied Piper
750,Pink and Grey
751,To the New Caretaker of Checkerspot Island
752,All the Little People
753,The Gossip (A folktale from the West Country)
754,The Cold Magic
755,What defines a monster (Iron)
756,Tonight Us (x-post r/nosleep)
757,I used to sit there and smoke from time to time.
758,I Don't Want to Die Without Anybody Knowing
759,The Tree
760,Frost III
761,Thirty Days
762,Frost II
763,Archive File F-0331K
764,Archive File F-9172N
765,Archive File F-0139D
766,Sweet Nothings
767,"""Pocket Change"""
768,Little Ophelia
769,The House on Homely Street (Chapter 1)
770,Magic and Monsters [PART 2]
771,A Shortage of Horses
772,Final Girl
773,Exterminating The Evil
774,Pause [Part Two]
775,The Children In The Trees
776,Cedric's Buffet: Part Three
777,The Tree of Death
778,The Doorway Effect.
779,Harceleur
780,Blue Jeans
781,If Walls Could Talk (Part 1)
782,Black Friday
783,Laura Ebert - Part 1 - Insanity
784,Hit Hard
785,Contraception Part One: Unintended Consequences
786,"Children Of El Series, Book 1: Death Becomes You (Chapter 4)"
787,Witiko: Long Pig (Part 1)
788,Morsa
789,Immortality
790,CONTEST: A Sci-Fi Halloween!
791,House For Sale: Story One
792,It Walks Among Us
793,City Mural
794,The Fog
795,The Scarab Window - Part 1
796,The Ahnenerbe Expedition
797,The Breakup
798,Molly and Tessa
799,The Siren and the Hound
800,Falling Into The Mouth Of Madness
801,Say Uncle
802,Greibus Saug and the Forest of Frozen Lights
803,"Solemn Creek, Chapter Eleven: Elder"
804,"Solemn Creek, Chapter Six: The Priest"
805,"Solemn Creek, Chapter Three: A Murder in a Small Town"
806,Where the Bad Kids Go (Part 8)
807,Where the Bad Kids Go (Part 5)
808,Mystery of the Lockwood Mansion
809,The Ghastly Paranoia of Laguar Rabassa
810,When Nothing Happened
811,The Recipe
812,The Butcher
813,The Farm
814,"Must Love Children, Sweets [Classified Contest]"
815,The World We Live In
816,Waking the Whisperwood
817,"Of Love, True and Twisted (Part 2) [Mystery Contest]"
818,Time to Play The Game
819,The Target
820,Celestial - Multiversal Shipping
821,I Wrote This With One Hand
822,I Know How We End
823,NEED ADVICE: I live in a haunted house
824,Every Man Has a Type
825,[Epistolary Contest] Transcript
826,"Lillian Woke Up Today, Lillian Sat In A Chair"
827,The Dry Man
828,Salt in the Dark River
829,The Three Cardinal Sins
830,Would anybody on /r/LibraryofShadows be interested in writing and submitting short stories for a curated Horror ebook for PlayWithDeath.com?
831,What Defines a Monster (Savage)
832,The Leak
833,A Short Walk Into Hell
834,Tunnels
835,Granny Panties
836,Adam.
837,Stare
838,To Black
839,Blink
840,The Interview
841,The Demon Box
842,Archive File F-5212A
843,Archive File F-8668A
844,Archive File F-6151T 
845,Archive File F-1103A
846,It Started with a Dream
847,A cab to get home
848,The Radio Game
849,The Library
850,Extermination ov Beasthood
851,The Final Surf
852,Clearing Away Roscoe
853,Chronicles From A Hidden World: [Chapter One] The Town of Toys
854,The Stickman
855,Hometown Haunts
856,Black Mistletoe
857,The Truth.
858,Teenagers Weren’t Much Different In 1957
859,The Appraiser
860,That Which Is Seen
861,Dragging Dream
862,The Defender from Demons
863,"""Hiring"""
864,The Crawling Chaos
865,The Genesis of Catastrophe (Part III)
866,The Viles [Finale]
867,The Cliff-Walker
868,Ivan Nikolayev
869,The Knacker (Part 1 of 2)
870,216 Digits
871,"Children of El Series, Book 1: Death Becomes You (Part 3)"
872,The Krampus Killer - Part 1
873,"Children of El Series, Book 1:Death Becomes You (Part 1)"
874,Witiko: Long Pig (Part 2)
875,"Beyond The Necropolis - Good Apollo, The God Slayer"
876,The Hemingway Murders
877,Don't Let It Know That You're Awake
878,Shadows of the Devourer
879,The Tram Depot
880,Angel of the Psychiatric Ward
881,I Choose You
882,Texas Heat (part one)
883,David
884,It's Your Turn
885,"Solemn Creek, Chapter Sixteen: Sh!t Gets Real"
886,"Solemn Creek, Chapter Fifteen: Near the Bluff"
887,"Solemn Creek, Chapter Twelve: Truth Will Out"
888,My Parent's Disappearances
889,Daddy Went Missing over Christmas
890,"Solemn Creek, Chapter Two: Code 187"
891,Dark Christmas Contest!
892,Dead to Rights
893,The Reign of Dracul Vrooth
894,The Living and Hungry Sky
895,The Hell Seer
896,Man Shaped Things
897,The Viticrutian Man
898,The Blood and The Bear
899,Shadow People
900,Beware Alaskan Flesh-Eating Fungus [Death Contest]
901,The Jerk & the Clerk
902,The Death of Niles Meeks [Murder Mystery Contest]
903,Celestial - No Contest
904,The Innocence Gambit [Noir Contest]
905,The Ones Who Came Before
906,[Folklore Contest] The Fairy Sweetheart
907,Nepenthes
908,[Epistolary Contest] MatchMakr
909,You Understand Or You Die
910,"Hey, you there!"
911,The Rhagheeyat's Cave
912,The torture pitts of Hallah
913,Memoirs of a Doctor (Fantasy Horror)
914,I Found Something In My Basement
915,The Wailing Woman
916,Hide & Seek
917,My First House
918,Beneath the Surface
919,"The Story of My Only Friend Who Killed Himself, Aged 11"
920,The Deer Gods
921,Give Me the Good News First
922,"Fucking Antiques, Man"
923,The Ooze
924,I Saw Her on the N Train [x-post from /r/nosleep]
925,Our Side of the Story [x-post from /r/nosleep]
926,And This Is What Happened
927,From Ashes
928,CANADIAN GIRLFRIEND by Al Bruno III
929,[REQUEST]Halloween Stories for The Nosleep Podcast
930,Where The Hell Is Harry?
931,He Found Me First (Prey series)
932,"I'd like to repost my r/nosleep story here.  Hopefully I could get some real literary feedback without having to do the whole ""everything you read on nosleep is true"" deal."
933,We're not all bad. [Tales of the Lost]
934,If You Love Me
935,We Were Superheroes (Part 2)
936,A Murder in Paradise [DEBT]
937,Withered and Gray
938,Midnight Festival
939,The Obsidian Deluge [Part 4]
940,The Obsidian Deluge [Part 3]
941,Marty
942,Lost Dog (PART 2)
943,End Times Part Six
944,"From The Stars, The Ocean"
945,The Martian Paradox (Part Three/Conclusion)
946,Looking Glass Dancer
947,Space Dementia
948,The Curse of the Harbingers Part 1
949,Mum
950,Darkness
951,Code Blue
952,Righteous Judgment - Part 3
953,Amnesia
954,One by One: Cruise - Chapter One
955,Dead Space
956,The Angels
957,Laura Ebert - Part 4 - The Flower Dance
958,Laura Ebert - Part 2 - A Dark Village
959,The Lonely Late Night Call
960,Bermuda (Chapter 1)
961,The Thief
962,A Long Slice of Ham
963,How To Walk A Midnight Window Part 1
964,The Horrors in the Well (Pt 1)
965,Gang Stalkers
966,Memories in Red
967,The Man In Between The Walls Series Pt 6 Finale
968,The River
969,Of Flesh and Wax
970,Lott's Glen: Part 2
971,A Cold House
972,The Radio
973,File - Necronomicon
974,Padded -- Post 9
975,How to Talk to Yourself
976,Padded -- Post 8
977,Padded -- Post 4
978,Hours
979,Escape
980,First Class
981,"Solemn Creek, Chapter Fourteen: Picnic of the Damned"
982,Slaughter Theatre Part Two
983,Slaughter Theatre
984,"Solemn Creek, Chapter Ten: The Next Day"
985,File - Zombies
986,The Scholar's Warning
987,A Knight's Tale
988,The Pull of a Memory
989,The Mannequin
990,"The Soldier, Part 1"
991,Tiny Splotches of Red: The Beginning (Part 1)
992,Abbadon Ship
993,The Suit
994,"Of Love, True and Twisted (Part 1)[Mystery Contest]"
995,The Crown Jewel
996,A Witch's Calculus
997,Tales of Sorrow: Room 207
998,Celestial - No Scrubs
999,[Twisted Carol] The Clickity-Clack Man Cometh
